id,name,link,price,category,
1,"Nestle Pure Life Purified Water, 16.9 fl oz. Plastic Bottles (12 count)",https://www.amazon.com/Nestle-Pure-Life-Purified-Plastic/dp/B00NP79AI8/ref=sr_1_4?fpw=pantry&keywords=bottled+water&qid=1574886162&s=pantry&sr=8-4,2.23,Prime Pantry,
2,MIRA SAFETY Hazmat Suit Disposable Protective Coverall NFPA certified with Respirator-Fit Hood and Elastic Cuff Size (LG/XL),https://www.amazon.com/MIRA-SAFETY-Disposable-Protective-Respirator-Fit/dp/B07QPX3YLV/ref=sr_1_8?keywords=hazmat+suit&qid=1574887933&sr=8-8,129.95,Prime Wardrobe,
3,Nuka Cola Quantum from Fallout Jones Soda | 1 Bottle,https://www.amazon.com/Nuka-Quantum-Fallout-Jones-Bottle/dp/B016ZEGTBS/ref=sr_1_2?keywords=nuka+cola&qid=1574887971&sr=8-2,14.99,Prime Pantry,
4,RiteBrew - Gold Oxygen Absorbing Bottle Caps - 144 pcs,https://www.amazon.com/RiteBrew-Gold-Oxygen-Absorbing-Bottle/dp/B0038L5T68/ref=sr_1_3?keywords=bottle+caps&qid=1574888139&s=hpc&sr=1-3,7.08,Health & personal care,
5,"First Aid Only 299 Piece All-Purpose First Aid Kit, Soft Case",https://www.amazon.com/First-Aid-Only-Piece-All-Purpose/dp/B000069EYA/ref=sxin_3_ac_d_rm?ac_md=0-0-bWVkIGtpdA%3D%3D-ac_d_rm&keywords=med+kit&pd_rd_i=B000069EYA&pd_rd_r=1a9353c0-e178-4072-b9d9-e5a5218b8a05&pd_rd_w=4RypA&pd_rd_wg=Sv0gh&pf_rd_p=6d29ef56-fc35-411a-8a8e-7114f01518f7&pf_rd_r=YM5MTNN3S77W68QZS4S0&psc=1&qid=1574888000,16.82,Health & personal care,
6,Campbell's Chicken Noodle Soup (Pack of 8),https://www.amazon.com/Campbells-Soup-Chicken-Noodle-15-4/dp/B0029TATOW/ref=sr_1_1?keywords=campbells+chicken+noodle+soup&qid=1575305943&s=hpc&sr=1-1,12.26,Prime Pantry,"< THE COLOR HERE MEANS NOTHING, BTW.. JUST HELPING ME KEEP TRACK OF WHAT I'VE DONE!"
7,Purina Friskies Wet Cat Food Variety Pack,https://www.amazon.com/Purina-Friskies-Pate-Adult-Variety/dp/B002CJARMI/ref=sr_1_4?keywords=pet+food&qid=1574888218&s=hpc&sr=1-4,12.84,Prime Pantry,
8,"SOG Fixed Blade Knives with Sheath - SEAL Team Survival Knife, Tactical Knife & Hunting Knife w/ 7 Inch AUS-8 Bowie Knife Half Serrated Edge (S37-K)",https://www.amazon.com/SOG-Fixed-Blade-Knives-Sheath/dp/B001D0PZX8/ref=sr_1_1?keywords=survival+knife&qid=1574888063&s=hpc&sr=1-1,115.17,Sports & Outdoors,
9,Bedsure Fleece Blanket Throw Size Navy Lightweight Super Soft Cozy Luxury Bed Blanket Microfiber,https://www.amazon.com/Bedsure-Fleece-Blanket-Lightweight-Microfiber/dp/B0157T1UMA/ref=sxin_3_ac_d_pm?ac_md=1-0-VW5kZXIgJDE1-ac_d_pm&keywords=blanket&pd_rd_i=B0157T1UMA&pd_rd_r=4d815da3-6b02-4b03-b6cf-3b75f5da588f&pd_rd_w=7oQq3&pd_rd_wg=WmzR7&pf_rd_p=24d053a8-30a1-4822-a2ff-4d1ab2b984fc&pf_rd_r=3KGKJEHQ4JG52YZYKK8X&psc=1&qid=1574888248&s=hpc,14.99,Health & personal care,  :-<
10,Solimo 99% Isopropyl Alcohol (16 fl oz),https://www.amazon.com/Amazon-Brand-Isopropyl-Antiseptic-Technical/dp/B07NFSFBXQ/ref=sr_1_4?keywords=rubbing+alcohol&qid=1574888298&s=hpc&sr=1-4,3.05,Health & personal care,i was using those lulz
11,"Go Time Gear Life Tent Emergency Survival Shelter – 2 Person Emergency Tent – Use As Survival Tent, Emergency Shelter, Tube Tent, Survival Tarp - Includes Survival Whistle & Paracord",https://www.amazon.com/Go-Time-Gear-Emergency-Survival/dp/B07NVWY95Y/ref=pd_rhf_dp_s_rtpb_1_5/134-6785739-6021145?_encoding=UTF8&pd_rd_i=B07NVWY95Y&pd_rd_r=1401f16b-c744-4db4-af67-2074df05b56a&pd_rd_w=MEVfg&pd_rd_wg=6XXuB&pf_rd_p=3aec0144-49f4-4a88-9a0e-c345eb34e97e&pf_rd_r=3R8SAY61DAHK7PCZJHMM&psc=1&refRID=3R8SAY61DAHK7PCZJHMM,16.95,Sports & Outdoors,
12,PREPARED4X Emergency Blanket Poncho - Keeps You and Your Gear Dry and Warm During Camping Hiking or Any Outdoor Activity | Thermal Mylar Space Blanket Ponchos to Keep You Prepared to Survive | 3 Pack,https://www.amazon.com/PREPARED4X-Emergency-Blanket-Poncho-Activity/dp/B07TDGV37F/ref=pd_sbs_468_30?_encoding=UTF8&pd_rd_i=B07TDGV37F&pd_rd_r=8667a897-4be3-4126-bc23-ea5a4c923b58&pd_rd_w=SA5Og&pd_rd_wg=kGPxc&pf_rd_p=5873ae95-9063-4a23-9b7e-eafa738c2269&pf_rd_r=PTVW4D6NKFF8SX06KQKJ&psc=1&refRID=PTVW4D6NKFF8SX06KQKJ,15.95,Sports & Outdoors,didn't want to overgray 
13,Eyeskey Multifunctional Military Lensatic Tactical Compass,https://www.amazon.com/Eyeskey-Multifunctional-Military-Waterproof-Activities/dp/B00QR3LOO0/ref=sxin_3_osp99-1e574ef8_cov?ascsubtag=1e574ef8-0634-43b7-87a1-8336e8938613&creativeASIN=B00QR3LOO0&cv_ct_id=amzn1.osp.1e574ef8-0634-43b7-87a1-8336e8938613&cv_ct_pg=search&cv_ct_wn=osp-search&keywords=Compass&linkCode=oas&pd_rd_i=B00QR3LOO0&pd_rd_r=71e468a5-68e6-4417-9e6d-2b418bbf55e5&pd_rd_w=DdifG&pd_rd_wg=X1i9g&pf_rd_p=53eff971-6e12-4016-9864-b6dfd929b2b3&pf_rd_r=GNW72PAHM5D0A98M6HFC&qid=1575402665&tag=gearpublish-20,25.90,Sports & Outdoors,
14,LifeStraw Personal Water Filter,https://www.amazon.com/LifeStraw-Personal-Camping-Emergency-Preparedness/dp/B006QF3TW4/ref=pd_bxgy_468_img_2/147-9420165-9422138?_encoding=UTF8&pd_rd_i=B006QF3TW4&pd_rd_r=61a8ded0-9fa2-4ae6-900c-77a41d48fe93&pd_rd_w=hehE8&pd_rd_wg=D2bqs&pf_rd_p=09627863-9889-4290-b90a-5e9f86682449&pf_rd_r=Y6S7FHC1CE980QYMFTPB&psc=1&refRID=Y6S7FHC1CE980QYMFTPB,11.99,Sports & Outdoors,
15,Swiss Safe Emergency Mylar Thermal Blankets (4-Pack),https://www.amazon.com/Swiss-Safe-Emergency-Blankets-Signature/dp/B01LZN0KGB/ref=pd_bxgy_img_3/147-9420165-9422138?_encoding=UTF8&pd_rd_i=B01LZN0KGB&pd_rd_r=274fcf29-4266-4726-b2da-824d46114cac&pd_rd_w=pNBmR&pd_rd_wg=a02wR&pf_rd_p=09627863-9889-4290-b90a-5e9f86682449&pf_rd_r=JABSVQ9YD7997W8TTPD3&psc=1&refRID=JABSVQ9YD7997W8TTPD3,13.99,Health & personal care,
16,UCO Stormproof Match Kit with Waterproof Case,https://www.amazon.com/UCO-Stormproof-Waterproof-Matches-Strikers/dp/B004P5XOTA/ref=pd_bxgy_468_img_3/147-9420165-9422138?_encoding=UTF8&pd_rd_i=B004P5XOTA&pd_rd_r=cdb5ef70-b2f3-407d-a473-b9d4737b59e4&pd_rd_w=jIY8R&pd_rd_wg=66gsv&pf_rd_p=09627863-9889-4290-b90a-5e9f86682449&pf_rd_r=MAE103SVX10NJ8KD8891&psc=1&refRID=MAE103SVX10NJ8KD8891,8.59,Sports & Outdoors,
17,Delmera Emergency Survival Sleeping Bag,https://www.amazon.com/Delmera-Emergency-Lightweight-Waterproof-Drawstring/dp/B07GJ4L92C/ref=sxin_0_osp64-c3b4807f_cov?ascsubtag=c3b4807f-7b1a-4c1a-a324-e8a7bc342877&creativeASIN=B07GJ4L92C&cv_ct_id=amzn1.osp.c3b4807f-7b1a-4c1a-a324-e8a7bc342877&cv_ct_pg=search&cv_ct_wn=osp-search&keywords=survival&linkCode=oas&pd_rd_i=B07GJ4L92C&pd_rd_r=28440ce3-b9ae-4c41-a07d-ca92a0e12ae9&pd_rd_w=NFyUp&pd_rd_wg=641S1&pf_rd_p=53eff971-6e12-4016-9864-b6dfd929b2b3&pf_rd_r=6F078FJ01JV5K6AGRKQ4&qid=1575403064&s=sporting-goods&tag=fsmag_os-20,20.99,Sports & Outdoors,
18,Don't Die In The Woods World's Toughest Ultralight Survival Tent,https://www.amazon.com/Toughest-Ultralight-Emergency-Year-Round-Protection/dp/B07CQ58ZCB/ref=pd_bxgy_468_img_3/147-9420165-9422138?_encoding=UTF8&pd_rd_i=B07CQ58ZCB&pd_rd_r=8eb66c9a-8902-4010-88c1-d4e284a4fa29&pd_rd_w=6Q8gu&pd_rd_wg=cXF2Z&pf_rd_p=09627863-9889-4290-b90a-5e9f86682449&pf_rd_r=YCTJJRA9BZS89WNMT7VY&psc=1&refRID=YCTJJRA9BZS89WNMT7VY,21.95,Sports & Outdoors,
19,Smith & Wesson 9in High Carbon S.S. Fixed Blade Knife,https://www.amazon.com/Smith-Wesson-SWHRT9B-Stainless-Tactical/dp/B000IXG44U/ref=sr_1_1?dchild=1&keywords=PPE&qid=1575403141&s=sporting-goods&sr=1-1,16.99,Sports & Outdoors,
20,Gerber Bear Grylls Survival Hatchet,https://www.amazon.com/Gerber-Grylls-Survival-Hatchet-31-002070/dp/B00B0I2DBK/ref=sr_1_4?keywords=survival+hatchet&qid=1575403244&s=sporting-goods&smid=ATVPDKIKX0DER&sr=1-4,27.77,Sports & Outdoors,
21,SUNER POWER 12V Solar Car Battery Charger & Maintainer,https://www.amazon.com/SUNER-POWER-Battery-Charger-Maintainer/dp/B07DFCDKLJ/ref=sxin_2_osp129-75ae673c_cov?ascsubtag=75ae673c-c4ad-4eac-977f-9ed63fab0e2a&creativeASIN=B07DFCDKLJ&cv_ct_id=amzn1.osp.75ae673c-c4ad-4eac-977f-9ed63fab0e2a&cv_ct_pg=search&cv_ct_wn=osp-search&keywords=solar+car+charger&linkCode=oas&pd_rd_i=B07DFCDKLJ&pd_rd_r=cb48e90d-7162-4586-88f9-8388d66fc979&pd_rd_w=De9wO&pd_rd_wg=vGEqh&pf_rd_p=53eff971-6e12-4016-9864-b6dfd929b2b3&pf_rd_r=RR4ZGMMQ51AXNTX4AQPR&qid=1575403274&s=sporting-goods&tag=thedrive09-20,45.95,Sports & Outdoors,
22,XREXS Solar Powered LED Car Flashlight,https://www.amazon.com/XREXS-Flashlight-Multi-Function-Portable-Traveling/dp/B07Q22Z5NC/ref=sr_1_6?keywords=solar+car+charger&qid=1575403307&s=sporting-goods&sr=1-6,32.99,Sports & Outdoors,
23,LE LED Camping Lantern Rechargeable,https://www.amazon.com/Rechargeable-Detachable-Flashlight-Portable-Emergency/dp/B01C5O7E2U/ref=sr_1_20?dchild=1&keywords=solar+car+charger&qid=1575403307&s=sporting-goods&sr=1-20,28.99,Sports & Outdoors,
24,Energizer AA Batteries (48 Count),https://www.amazon.com/Energizer-Batteries-Double-Battery-Alkaline/dp/B079GXSFPB/ref=sxin_3_osp60-1815d66e_cov?ascsubtag=1815d66e-2108-4809-acb2-e6e2998fea11&creativeASIN=B079GXSFPB&cv_ct_id=amzn1.osp.1815d66e-2108-4809-acb2-e6e2998fea11&cv_ct_pg=search&cv_ct_wn=osp-search&keywords=AA+batteries&linkCode=oas&pd_rd_i=B079GXSFPB&pd_rd_r=c7a137d1-4bb0-48bd-9c16-2f6a4d8bf18a&pd_rd_w=ERQxG&pd_rd_wg=3cSHK&pf_rd_p=53eff971-6e12-4016-9864-b6dfd929b2b3&pf_rd_r=85MQ7XZ6V26XCNW9P525&qid=1575403434&s=sporting-goods&tag=mlbonsitepub-20,19.34,Sports & Outdoors,
25,Energizer Max C Batteries (8 Count),https://www.amazon.com/Energizer-Batteries-Alkaline-Battery-Count/dp/B0044DA3NS/ref=pd_bxgy_img_3/147-9420165-9422138?_encoding=UTF8&pd_rd_i=B0044DA3NS&pd_rd_r=183f0461-db79-40d2-8c8e-027cead8e61d&pd_rd_w=Acx7R&pd_rd_wg=baXUA&pf_rd_p=09627863-9889-4290-b90a-5e9f86682449&pf_rd_r=VM9RH9ZHF6RXR568W6VC&psc=1&refRID=VM9RH9ZHF6RXR568W6VC,10.19,Health & personal care,
26,Energizer AAA Batteries (48 Count),https://www.amazon.com/Energizer-Batteries-Battery-Alkaline-E92DP2-24/dp/B079GS4YQS/ref=sr_1_5?keywords=AAA+batteries&qid=1575403532&s=hpc&sr=1-5,19.57,Health & personal care,
27,Western Frontier 2021 MRE,https://www.amazon.com/ULTIMATE-Inspection-Western-Frontiers-Guarantee/dp/B01EDB3H2Y/ref=sr_1_3?dchild=1&keywords=MRE&qid=1575403589&sr=8-3,88.00,Sports & Outdoors,
28,MREs (Meals Ready-to-Eat) Genuine U.S. Military Surplus Assorted Flavor (4-Pack),https://www.amazon.com/Ready-Genuine-Military-Surplus-Assorted/dp/B072323YNL/ref=pd_sbs_468_2/147-9420165-9422138?_encoding=UTF8&pd_rd_i=B072323YNL&pd_rd_r=8beccf28-b60b-4deb-876b-740d1eea9f12&pd_rd_w=l8tXe&pd_rd_wg=Fe2Pi&pf_rd_p=5873ae95-9063-4a23-9b7e-eafa738c2269&pf_rd_r=7P41KGZKMP50JKAK48YA&psc=1&refRID=7P41KGZKMP50JKAK48YA,34.50,Prime Pantry,
29,Ultimate 2018 US Military MRE Complete Meal,https://www.amazon.com/Ultimate-Military-MRE-Inspection-Spaghetti/dp/B01LZO2BU1/ref=pd_sbs_468_3/147-9420165-9422138?_encoding=UTF8&pd_rd_i=B01LZO2BU1&pd_rd_r=8beccf28-b60b-4deb-876b-740d1eea9f12&pd_rd_w=l8tXe&pd_rd_wg=Fe2Pi&pf_rd_p=5873ae95-9063-4a23-9b7e-eafa738c2269&pf_rd_r=7P41KGZKMP50JKAK48YA&psc=1&refRID=7P41KGZKMP50JKAK48YA,15.95,Prime Pantry,
30,M2 BASICS 300 Piece (40 Unique Items) First Aid Kit w/Bag,https://www.amazon.com/M2-BASICS-Emergency-Outdoors-Workplace/dp/B01M0MWXOZ/ref=pd_sbs_328_2/147-9420165-9422138?_encoding=UTF8&pd_rd_i=B01M0MWXOZ&pd_rd_r=da664cdb-ebbc-4dca-b0ee-87d800674cd0&pd_rd_w=itRaa&pd_rd_wg=9K9Q6&pf_rd_p=5873ae95-9063-4a23-9b7e-eafa738c2269&pf_rd_r=WCET5S3JCTSQX5V06VAS&psc=1&refRID=WCET5S3JCTSQX5V06VAS,19.88,Health & personal care,
31,First Alert 1038789 Standard Home Fire Extinguisher,https://www.amazon.com/First-Alert-1038789-Standard-Extinguisher/dp/B01LTICQYE/ref=pd_bxgy_121_img_2/147-9420165-9422138?_encoding=UTF8&pd_rd_i=B01LTICQYE&pd_rd_r=f9be1689-3d64-485f-9dc8-558c1f85da00&pd_rd_w=JHlA3&pd_rd_wg=5noqh&pf_rd_p=09627863-9889-4290-b90a-5e9f86682449&pf_rd_r=7S7GCJSEYWNHNYYGZWBB&psc=1&refRID=7S7GCJSEYWNHNYYGZWBB,16.97,Health & personal care,
32,Swiss Safe 2-in-1 First Aid Kit (120 Piece),https://www.amazon.com/Swiss-Safe-First-Piece-32-Piece/dp/B01G45DWOK/ref=pd_sbs_328_7?_encoding=UTF8&pd_rd_i=B01G45DWOK&pd_rd_r=da664cdb-ebbc-4dca-b0ee-87d800674cd0&pd_rd_w=itRaa&pd_rd_wg=9K9Q6&pf_rd_p=5873ae95-9063-4a23-9b7e-eafa738c2269&pf_rd_r=WCET5S3JCTSQX5V06VAS&psc=1&refRID=WCET5S3JCTSQX5V06VAS,27.88,Health & personal care,
33,"Gerber Bear Grylls Ultimate Knife, Serrated Edge",https://www.amazon.com/Gerber-Grylls-Ultimate-Serrated-31-000751/dp/B003R0LSMO/ref=sr_1_6?keywords=survival+knife&qid=1575403959&s=sporting-goods&sr=1-6,48.43,Sports & Outdoors,
34,Maxam 12-Piece Survival Knife Set,https://www.amazon.com/Maxam-12-Piece-Survival-Survivalists-Enthusiasts/dp/B004EAJFJE/ref=sr_1_26?keywords=survival+knife&qid=1575404037&s=sporting-goods&sr=1-26,38.18,Sports & Outdoors,
35,3M 62023HA1-C Professional Multi-Purpose Respirator,https://www.amazon.com/3M-62023HA1-C-Professional-Multi-Purpose-Respirator/dp/B002NMICB2/ref=sxin_0_ac_d_pm?ac_md=3-2-QWJvdmUgJDI1-ac_d_pm&crid=2IIVDEO3M5DWD&keywords=hazmat+mask&pd_rd_i=B002NMICB2&pd_rd_r=3fdef1e9-166e-405c-8c56-2c69e72ff2aa&pd_rd_w=SturS&pd_rd_wg=K17eU&pf_rd_p=24d053a8-30a1-4822-a2ff-4d1ab2b984fc&pf_rd_r=BRD1ENZC3GXKTRSNJC81&psc=1&qid=1575404117&s=sporting-goods&sprefix=hazmat%2Csporting%2C169,31.26,Health & personal care,
36,DEWALT Concealer Clear Anti-Fog Dual Mold Safety Goggle,https://www.amazon.com/DEWALT-DPG82-11-DPG82-11CTR-Concealer-Anti-Fog/dp/B01A12J3GI/ref=pd_bxgy_469_img_2/147-9420165-9422138?_encoding=UTF8&pd_rd_i=B01A12J3GI&pd_rd_r=ffc079ba-4257-45b0-ba91-e3d26f3ae49b&pd_rd_w=8Tztn&pd_rd_wg=aTibp&pf_rd_p=09627863-9889-4290-b90a-5e9f86682449&pf_rd_r=Q5Q8MVSYPQNBWV2V027F&psc=1&refRID=Q5Q8MVSYPQNBWV2V027F,9.99,Health & personal care,
37,3M Organic Vapor/Acid Gas Cartridge/Filter,https://www.amazon.com/3M-Cartridge-60923-Respiratory-Protection/dp/B00AEFCKKY/ref=pd_bxgy_469_img_3/147-9420165-9422138?_encoding=UTF8&pd_rd_i=B00AEFCKKY&pd_rd_r=ffc079ba-4257-45b0-ba91-e3d26f3ae49b&pd_rd_w=8Tztn&pd_rd_wg=aTibp&pf_rd_p=09627863-9889-4290-b90a-5e9f86682449&pf_rd_r=Q5Q8MVSYPQNBWV2V027F&psc=1&refRID=Q5Q8MVSYPQNBWV2V027F,18.97,Health & personal care,
38,MIRA SAFETY Full Facepiece Reusable Respirator,https://www.amazon.com/MIRA-SAFETY-Respirator-Respiratory-Protection/dp/B07N9ZBZKH/ref=sr_1_12?crid=2IIVDEO3M5DWD&keywords=hazmat+mask&qid=1575404117&s=sporting-goods&sprefix=hazmat%2Csporting%2C169&sr=1-12,274.07,Health & personal care,
39,"Under the Weather XLPod 1-Person Pop-up Weather Pod. The Original, Patented WeatherPod",https://www.amazon.com/Under-the-Weather-XLPod-Red/dp/B012XZ29MG/ref=sr_1_4?crid=IMB5PQP3MCN7&dchild=1&keywords=all+weather+tent&qid=1575406624&s=sporting-goods&sprefix=all+weather%2Csporting%2C165&sr=1-4,129.99,Sports & Outdoors,
40,DuPont Multipurpose Cleanup Kit:,https://www.amazon.com/dp/B07H5N9BQC/ref=psdc_393308011_t4_B07QTPZ7K7,12.99,Health & personal care,
41,AmazonBasics Folding Campfire Grill,https://www.amazon.com/AmazonBasics-Extra-Portable-Folding-Camping/dp/B074MZCNWJ/ref=sxin_2_ac_d_rm?ac_md=0-0-Y2FtcGluZyBncmlsbA%3D%3D-ac_d_rm&keywords=camping+grill&pd_rd_i=B074MZCNWJ&pd_rd_r=abecf771-cd9a-48db-83c5-02bae7b39db3&pd_rd_w=1GwbG&pd_rd_wg=Q4aUS&pf_rd_p=e2f20af2-9651-42af-9a45-89425d5bae34&pf_rd_r=GDNSDD0XEWBWXVD4YAQK&psc=1&qid=1575404406,34.99,Sports & Outdoors,
42,Wealers Camp Kitchen Utensil Organizer Travel Set,https://www.amazon.com/Wealers-Utensils-Kitchenware-Cookware-Scissors/dp/B014EGCWBA/ref=pd_bxgy_468_img_2/147-9420165-9422138?_encoding=UTF8&pd_rd_i=B014EGCWBA&pd_rd_r=0c86953d-90ee-439d-b3d9-0801dbae4bb1&pd_rd_w=h6lcY&pd_rd_wg=SUpqN&pf_rd_p=09627863-9889-4290-b90a-5e9f86682449&pf_rd_r=P8YG620ZSA9H4GCYV30Q&psc=1&refRID=P8YG620ZSA9H4GCYV30Q,24.99,Sports & Outdoors,
43,"EverBrite 2-Pack Headlamp Flashlight for Running, Camping",https://www.amazon.com/EverBrite-Headlamp-Flashlight-Lightweight-Batteries/dp/B01CTX7E0E/ref=pd_cp_468_4/147-9420165-9422138?_encoding=UTF8&pd_rd_i=B01CTX7E0E&pd_rd_r=0c86953d-90ee-439d-b3d9-0801dbae4bb1&pd_rd_w=EJTtZ&pd_rd_wg=SUpqN&pf_rd_p=0e5324e1-c848-4872-bbd5-5be6baedf80e&pf_rd_r=P8YG620ZSA9H4GCYV30Q&psc=1&refRID=P8YG620ZSA9H4GCYV30Q,9.99,Sports & Outdoors,
44,Sawyer Products MINI Water Filtration System,https://www.amazon.com/Sawyer-Products-SP128-Filtration-System/dp/B00FA2RLX2/ref=sr_1_5?dchild=1&keywords=water+purification&qid=1575404513&s=sporting-goods&sr=1-5,19.95,Health & personal care,
45,Potable Aqua Water Purification Tablets With PA,https://www.amazon.com/Potable-Aqua-Purification-Tablets-neutralizing/dp/B0009I3T3S/ref=pd_bxgy_468_img_3/147-9420165-9422138?_encoding=UTF8&pd_rd_i=B0009I3T3S&pd_rd_r=b05143a7-8b7b-4687-9e27-f55b180a5412&pd_rd_w=ZgtLh&pd_rd_wg=6lT0B&pf_rd_p=09627863-9889-4290-b90a-5e9f86682449&pf_rd_r=3EJZ9WY9WBPBBDB881XE&psc=1&refRID=3EJZ9WY9WBPBBDB881XE,9.99,Sports & Outdoors,
46,Cnoc Outdoors 2019 Vecto 2L Water Container,https://www.amazon.com/Cnoc-Outdoors-Container-Thread-Orange/dp/B07QBQ894L/ref=pd_cp_468_4/147-9420165-9422138?_encoding=UTF8&pd_rd_i=B07QBQ894L&pd_rd_r=b05143a7-8b7b-4687-9e27-f55b180a5412&pd_rd_w=SsqU5&pd_rd_wg=6lT0B&pf_rd_p=0e5324e1-c848-4872-bbd5-5be6baedf80e&pf_rd_r=3EJZ9WY9WBPBBDB881XE&psc=1&refRID=3EJZ9WY9WBPBBDB881XE,19.99,Sports & Outdoors,
47,Wilson Louisville Slugger,https://www.amazon.com/Louisville-Slugger-WTLW3AMIXB1633-Genuine-Baseball/dp/B01J8YKGXY/ref=sr_1_5?crid=3J31VYBBLVR90&dchild=1&keywords=louisville+slugger+wood+bat&qid=1575404629&s=sporting-goods&sprefix=louisv%2Csporting%2C184&sr=1-5,31.36,Sports & Outdoors,
48,HotHands Hand Warmers (20 Count),https://www.amazon.com/gp/product/B072M25LW9/ref=s9_acsd_al_bw_c_x_4_w?pf_rd_m=ATVPDKIKX0DER&pf_rd_s=merchandised-search-9&pf_rd_r=AQAQ5RDV013VFXW4MN1M&pf_rd_t=101&pf_rd_p=1003af40-4c25-40e0-8842-c3c7197c5923&pf_rd_i=706814011&th=1&psc=1,14.99,Health & personal care,
49,HotHands Toe & Hand Warmer Pack (10 Toe Warmers and 2 packs of Hand Warmers),https://www.amazon.com/HotHands-Toe-Hand-Warmer-Pack/dp/B07ZMBLBBB/ref=pd_sbs_468_5/147-9420165-9422138?_encoding=UTF8&pd_rd_i=B07ZMBLBBB&pd_rd_r=69f7bfc8-bbb6-43d1-ab56-fd0266c6f52f&pd_rd_w=RlBZq&pd_rd_wg=VMIMU&pf_rd_p=5873ae95-9063-4a23-9b7e-eafa738c2269&pf_rd_r=V9F6N95TBRVTS8F7GY1T&refRID=V9F6N95TBRVTS8F7GY1T,14.99,Health & personal care,
50,Portable Gas Heater Outdoor Warmer Propane Butane Tent Heater,https://www.amazon.com/Portable-Heater-Outdoor-Propane-Camping/dp/B07QG6QCLD/ref=sr_1_12?keywords=space+heater&qid=1575404827&s=sporting-goods&sr=1-12,23.99,sports & Outdoors,
51,Hotop 2 Pieces Camping Stove Adapter 1 Lb Propane Small Tank Input,https://www.amazon.com/Hotop-Camping-Adapter-Cylinder-Canister/dp/B07WVG6BYP/ref=pd_bxgy_86_img_2/147-9420165-9422138?_encoding=UTF8&pd_rd_i=B07WVG6BYP&pd_rd_r=6cd25dda-4e71-45e6-8c6d-185053aeb4ef&pd_rd_w=v9Wej&pd_rd_wg=RFtJs&pf_rd_p=09627863-9889-4290-b90a-5e9f86682449&pf_rd_r=KTNXM9V3H8XJCZZJZ31D&psc=1&refRID=KTNXM9V3H8XJCZZJZ31D,13.99,sports & Outdoors,
52,REEHUT Ultralight Portable Camping Stoves Backpacking Stove with Piezo Ignition Adjustable Valve,https://www.amazon.com/REEHUT-Ultralight-Backpacking-Adjustable-Mountaineering/dp/B01M8O39TN/ref=pd_bxgy_468_img_2/147-9420165-9422138?_encoding=UTF8&pd_rd_i=B01M8O39TN&pd_rd_r=87562b5d-d35f-4404-91a9-47c88103c113&pd_rd_w=tLpiO&pd_rd_wg=9VtA7&pf_rd_p=09627863-9889-4290-b90a-5e9f86682449&pf_rd_r=FA2HGPSECHWP21YC5PBT&psc=1&refRID=FA2HGPSECHWP21YC5PBT,14.99,sports & Outdoors,
53,GasOne Camping Fuel Blend Isobutane Fuel Canister 100g High Out,https://www.amazon.com/GasOne-Premium-Butane-Propane-White-4-Ounce/dp/B004CT9HMM/ref=pd_bxgy_468_img_2/147-9420165-9422138?_encoding=UTF8&pd_rd_i=B004CT9HMM&pd_rd_r=6c248e8d-ba92-4df6-a0b2-65b27feab8ec&pd_rd_w=bcuDR&pd_rd_wg=BH8MF&pf_rd_p=09627863-9889-4290-b90a-5e9f86682449&pf_rd_r=DHR68JA2N8TFTJE8YN0H&psc=1&refRID=DHR68JA2N8TFTJE8YN0H,11.99,sports & Outdoors,
54,PhysiciansCare by First Aid Only 24-201 Eye Wash Solution,https://www.amazon.com/PhysiciansCare-First-Aid-Only-24-201/dp/B002A615DS/ref=sr_1_28?keywords=emergency+chemical+wash&qid=1575405006&sr=8-28,12.79,Health & personal care,
55,Orion Safety Products - 15 Minute Road Flares,https://www.amazon.com/Orion-Safety-Products-Minute-Flares/dp/B07GC1SR6Y/ref=sr_1_4?keywords=Flares&qid=1575405073&sr=8-4,19.48,sports & Outdoors,
56,The Zombie Survival Guide: Complete Protection from the Living Dead,https://www.amazon.com/Zombie-Survival-Guide-Complete-Protection/dp/1400049628/ref=sr_1_2?keywords=zombie+survival&qid=1575405115&sr=8-2,10.16,Health & personal care,
57,The Art of Eating through the Zombie Apocalypse: A Cookbook and Culinary Survival Guide,https://www.amazon.com/Art-Eating-through-Zombie-Apocalypse/dp/1940363365/ref=pd_sbs_14_2/147-9420165-9422138?_encoding=UTF8&pd_rd_i=1940363365&pd_rd_r=f5e98474-1ed1-49ad-955a-236d2f3dd812&pd_rd_w=ARmIx&pd_rd_wg=VYWKv&pf_rd_p=5873ae95-9063-4a23-9b7e-eafa738c2269&pf_rd_r=QT2QPGZRBKR5WK8GR9EY&psc=1&refRID=QT2QPGZRBKR5WK8GR9EY,17.96,Health & personal care,
58,The Worst-Case Scenario Survival Handbook,https://www.amazon.com/Worst-Case-Scenario-Survival-Handbook-Situations/dp/1452172188/ref=pd_bxgy_14_img_3/147-9420165-9422138?_encoding=UTF8&pd_rd_i=1452172188&pd_rd_r=f43fd070-c7ea-4634-a772-da813bf70c10&pd_rd_w=YTszh&pd_rd_wg=SmDkA&pf_rd_p=09627863-9889-4290-b90a-5e9f86682449&pf_rd_r=3TF1FJ51N34VA4RYBDMK&psc=1&refRID=3TF1FJ51N34VA4RYBDMK,17.06,Health & personal care,
59,Acme Crate Zombie Warrior Kit,https://www.amazon.com/Acme-Crate-Zombie-Warrior-Kit/dp/B079JZCG6F/ref=sr_1_4?dchild=1&keywords=zombie+survival&qid=1575405163&sr=8-4,210.01,sports & Outdoors,
60,X-Plore Gear Emergency Paracord Bracelets,https://www.amazon.com/X-Plore-Gear-Emergency-Wilderness-Survival-Kit/dp/B01LYP0SHA/ref=sr_1_36?dchild=1&keywords=zombie+survival&qid=1575405264&sr=8-36,8.99,Prime Wardrobe,
61,"Knot Tying Kit | Pro-Knot Best Rope Knot Cards, two practice cords and a carabiner",https://www.amazon.com/Tying-Pro-Knot-Cards-practice-carabiner/dp/0922273294/ref=pd_bxgy_200_img_3/147-9420165-9422138?_encoding=UTF8&pd_rd_i=0922273294&pd_rd_r=f1a129fb-6104-4506-9330-bf3294027253&pd_rd_w=QSFnY&pd_rd_wg=f5V9C&pf_rd_p=09627863-9889-4290-b90a-5e9f86682449&pf_rd_r=H535H3JM3ARTAZ9XZ6J4&psc=1&refRID=H535H3JM3ARTAZ9XZ6J4,8.96,sports & Outdoors,
62,XBEN Outdoor Climbing Rope 10M(32ft),https://www.amazon.com/Xben-Outdoor-Climbing-Equipment-Parachute/dp/B01HOQSGYO/ref=sxin_3_ac_d_rm?ac_md=2-2-Y2xpbWJpbmcgcm9wZQ%3D%3D-ac_d_rm&keywords=survival+rope&pd_rd_i=B01HOQSGYO&pd_rd_r=e23cd077-217f-4ecd-b974-73c3b111e164&pd_rd_w=kW6j4&pd_rd_wg=abFCU&pf_rd_p=6d29ef56-fc35-411a-8a8e-7114f01518f7&pf_rd_r=1KQZRGGGFGDTFA8F3SG9&psc=1&qid=1575405341,18.89,sports & Outdoors,
63,Weanas Thicken Climbing Harness,https://www.amazon.com/Weanas-Climbing-Mountaineering-Rescuing-Rappelling/dp/B074FYG7RM/ref=pd_bxgy_468_img_2/147-9420165-9422138?_encoding=UTF8&pd_rd_i=B074FYG7RM&pd_rd_r=9dc22744-5582-4fbd-a219-4a7047278dee&pd_rd_w=j6Cs4&pd_rd_wg=c7RUi&pf_rd_p=09627863-9889-4290-b90a-5e9f86682449&pf_rd_r=CCEGYS3MK7FPB7JKAMG5&psc=1&refRID=CCEGYS3MK7FPB7JKAMG5,18.99,sports & Outdoors,
64,Wouxun KG-UV8E Tri-Band 136-174/220-260/400-520MHz Cross Band Repeater Duplex Work Mode 999CH VOX SOS CTCSS/DCS Ham Two Way Radio,https://www.amazon.com/KG-UV8E-Tri-Band-136-174-400-520MHz-Repeater/dp/B07PTQD8FH/ref=sr_1_2?keywords=SOS&qid=1575405410&s=sporting-goods&sr=1-2,145.88,sports & Outdoors,
65,Tri-Band Yaesu VX-6R Submersible Amateur Ham Radio Transceiver (144/222/440),https://www.amazon.com/Tri-Band-Yaesu-VX-6R-Submersible-Transceiver/dp/B004ESEW6C/ref=pd_sbs_107_3/147-9420165-9422138?_encoding=UTF8&pd_rd_i=B004ESEW6C&pd_rd_r=55795f18-2f77-40b6-b45d-3da1bc7e67d4&pd_rd_w=zXw0a&pd_rd_wg=Gc4Ku&pf_rd_p=5873ae95-9063-4a23-9b7e-eafa738c2269&pf_rd_r=30GVSMBY5CVTG2BJGKRG&psc=1&refRID=30GVSMBY5CVTG2BJGKRG,249.94,sports & Outdoors,
66,Diamond SRH320A 144/220/440 MHz Tri-Band Handheld SMA Antenna,https://www.amazon.com/Diamond-SRH320A-Tri-Band-Handheld-Antenna/dp/B00JQK18TW/ref=pd_bxgy_107_img_2/147-9420165-9422138?_encoding=UTF8&pd_rd_i=B00JQK18TW&pd_rd_r=bcfc59cb-a7fc-419e-88a2-b7eb7680fad1&pd_rd_w=UxtLC&pd_rd_wg=7R6mS&pf_rd_p=09627863-9889-4290-b90a-5e9f86682449&pf_rd_r=DMFVVBJMT5C6CSMWFSA1&psc=1&refRID=DMFVVBJMT5C6CSMWFSA1,43.95,sports & Outdoors,
67,Arcshell Rechargeable Long Range Two-Way Radios with Earpiece 4 Pack UHF 400-470Mhz Walkie Talkies Li-ion Battery and Charger Included,https://www.amazon.com/Arcshell-Rechargeable-Earpiece-400-470Mhz-Included/dp/B071WBN7TT/ref=sr_1_5?keywords=walkie+talkie&qid=1575405495&sr=8-5,45.99,sports & Outdoors,
68,"Motorola T200TP Talkabout Radio, 3 Pack",https://www.amazon.com/Motorola-T200TP-Talkabout-Radio-Pack/dp/B01DM7AEHQ/ref=sr_1_8?keywords=walkie+talkie&qid=1575405541&smid=ATVPDKIKX0DER&sr=8-8,43.99,sports & Outdoors,
69,"RunningSnail Solar Crank NOAA Weather Radio for Emergency with AM/FM, Flashlight, Reading Lamp and 2000mAh Power Bank",https://www.amazon.com/RunningSnail-Weather-Emergency-Flashlight-Bank%EF%BC%88Orange%EF%BC%89/dp/B07QKKJHQK/ref=sxin_2_ac_d_pm?ac_md=2-1-QmV0d2VlbiAkMjUgYW5kICQ0MA%3D%3D-ac_d_pm&keywords=survival+radio&pd_rd_i=B07QKKJHQK&pd_rd_r=cc475039-dac6-4a7d-8b68-d9098333cfdd&pd_rd_w=PsT42&pd_rd_wg=2A40P&pf_rd_p=02e79b16-eab7-4369-852f-d04a58a4d9b5&pf_rd_r=1YB7KYDE8117AMJ1NPCP&psc=1&qid=1575405588,29.90,sports & Outdoors,
70,Ka-Bar Tactical Spork (Spoon Fork Knife) Tool 9909,https://www.amazon.com/Ka-Bar-Tactical-Spork-Spoon-9909/dp/B01FYJ6ICK/ref=sr_1_8?dchild=1&keywords=survival&qid=1575405690&sr=8-8,5.86,Prime Pantry,
71,Bushcraft 101: A Field Guide to the Art of Wilderness Survival,https://www.amazon.com/Bushcraft-101-Field-Wilderness-Survival/dp/1440579776/ref=sr_1_6?keywords=survival&qid=1575405724&sr=8-6,9.55,sports & Outdoors,
72,Bushcraft First Aid: A Field Guide to Wilderness Emergency Care,https://www.amazon.com/Bushcraft-First-Aid-Wilderness-Emergency/dp/1507202342/ref=pd_bxgy_14_img_3/147-9420165-9422138?_encoding=UTF8&pd_rd_i=1507202342&pd_rd_r=cebbbbfb-c31d-451c-878a-05d77271fde3&pd_rd_w=IQQBR&pd_rd_wg=bbUMv&pf_rd_p=09627863-9889-4290-b90a-5e9f86682449&pf_rd_r=H0FG5VSNZD6NCNFS5V8C&psc=1&refRID=H0FG5VSNZD6NCNFS5V8C,10.26,health & personal care,
73,"The Bushcraft Field Guide to Trapping, Gathering, and Cooking in the Wild",https://www.amazon.com/Bushcraft-Field-Trapping-Gathering-Cooking/dp/1440598525/ref=pd_sbs_14_4/147-9420165-9422138?_encoding=UTF8&pd_rd_i=1440598525&pd_rd_r=46755c9c-6595-41b6-a6e6-7715b8d6d265&pd_rd_w=WlSI6&pd_rd_wg=OIxrh&pf_rd_p=5873ae95-9063-4a23-9b7e-eafa738c2269&pf_rd_r=JCCRE02P24S9P9428ZVC&psc=1&refRID=JCCRE02P24S9P9428ZVC,10.79,sports & Outdoors,
74,Edible Wild Plants: A North American Field Guide to Over 200 Natural Foods,https://www.amazon.com/Edible-Wild-Plants-American-Natural/dp/1402767153/ref=pd_sbs_14_7?_encoding=UTF8&pd_rd_i=1402767153&pd_rd_r=c9950d28-0f33-4a6f-8592-b09b875e1f61&pd_rd_w=FlVzL&pd_rd_wg=Qrgef&pf_rd_p=5873ae95-9063-4a23-9b7e-eafa738c2269&pf_rd_r=R8ZZBA2G0MB9ZD00XN71&psc=1&refRID=R8ZZBA2G0MB9ZD00XN71,14.83,sports & Outdoors,
75,Tough Tesla Lighter – Outdoor Waterproof Windproof Dual Arc Plasma USB Electric w/Paratinder Lanyard & Emergency Whistle by Frog & Co. (Orange),https://www.amazon.com/Waterproof-Tough-Tesla-Rechargeable-Paratinder/dp/B07KFQVPTW/ref=sr_1_1?dchild=1&keywords=survival&qid=1575405848&sr=8-1,14.93,sports & Outdoors,
76,"Phone Skope PYRO Putty Winter, Summer, Eco Blend, Emergency Survival Fire Starter",https://www.amazon.com/Phone-Skope-Emergency-Survival-Starter/dp/B07QMGJTR6/ref=pd_bxgy_200_img_3/147-9420165-9422138?_encoding=UTF8&pd_rd_i=B07QMGJTR6&pd_rd_r=b3f393dc-b876-43eb-b7b9-317457e123d2&pd_rd_w=H7dmX&pd_rd_wg=ymerN&pf_rd_p=09627863-9889-4290-b90a-5e9f86682449&pf_rd_r=2K7JH9K5ZN1AXGG6MY93&psc=1&refRID=2K7JH9K5ZN1AXGG6MY93,12.99,sports & Outdoors,
77,Texas Bushcraft Fire Starter Survival Kit,https://www.amazon.com/Texas-Bushcraft-Drawstring-Emergency-Backpacking/dp/B07LBDTBTL/ref=pd_sbs_468_5/147-9420165-9422138?_encoding=UTF8&pd_rd_i=B07LBDTBTL&pd_rd_r=1902e371-6b2b-4d22-b2a6-e674bd19299a&pd_rd_w=XNPhy&pd_rd_wg=WkERU&pf_rd_p=5873ae95-9063-4a23-9b7e-eafa738c2269&pf_rd_r=KBC223HF8DKZ6FX8PMV0&refRID=KBC223HF8DKZ6FX8PMV0,31.95,sports & Outdoors,
78,Zippo Lighter Fluid,https://www.amazon.com/Zippo-Lighter-Fluid-12-oz/dp/B000K2U3JG/ref=sr_1_3?dchild=1&keywords=lighter+fluid&qid=1575405958&s=sporting-goods&smid=ATVPDKIKX0DER&sr=1-3,6.71,sports & Outdoors,
79,"Vitafusion MultiVites Gummy Vitamins, 150ct",https://www.amazon.com/Vitafusion-MultiVites-Gummy-Vitamins-150ct/dp/B002H0KZ9M/ref=sr_1_3?keywords=multivitamin&qid=1575405990&s=sporting-goods&sr=1-3,9.36,Prime Pantry,
80,UST Emergency Food Ration Bars (PDQ 4-ct),https://www.amazon.com/UST-Emergency-Food-Ration-Bars/dp/B01DUE1U9C/ref=sr_1_1?dchild=1&keywords=survival+nutrition&qid=1575406054&sr=8-1,27.17,Prime Pantry,
81,"DATREX Emergency Water Pouch for Disaster or Survival, 125 ml Each",https://www.amazon.com/Datrex-Emergency-Survival-Water-Pouch/dp/B00ANY4EXM/ref=pd_bxgy_468_img_3/147-9420165-9422138?_encoding=UTF8&pd_rd_i=B00ANY4EXM&pd_rd_r=336cb25f-8058-4cb3-932c-c52d74c73411&pd_rd_w=G5YUp&pd_rd_wg=Wp6JM&pf_rd_p=09627863-9889-4290-b90a-5e9f86682449&pf_rd_r=HFTGN9360FZX62JBK2WD&psc=1&refRID=HFTGN9360FZX62JBK2WD,29.95,Prime Pantry,
82,"365 Everyday Value, Water Spring, 16.9 Fl Oz, 24 Pack",https://www.amazon.com/365-Everyday-Value-Water-Spring/dp/B07FZ9BT6K/ref=sr_1_4?almBrandId=VUZHIFdob2xlIEZvb2Rz&fpw=alm&keywords=bottled+water&qid=1575406147&sr=8-4,3.49,Prime Pantry,
83,"Bear Archery Salute Ready to Hunt Compound Bow Includes Trophy Ridge Sight, Whisker Biscuit, Peep Sight, and S-Loop",https://www.amazon.com/Bear-Archery-Compound-Whisker-Biscuit/dp/B07RS7G34R/ref=sr_1_6?dchild=1&keywords=archery&qid=1575406197&sr=8-6,298.00,sports & Outdoors,
84,Tiger Archery 30Inch Carbon Arrow Practice Hunting Arrows with Removable Tips for Compound & Recurve Bow(Pack of 12),https://www.amazon.com/Tiger-Archery-Practice-Removable-Compound/dp/B06Y4MVLKD/ref=pd_bxgy_img_3/147-9420165-9422138?_encoding=UTF8&pd_rd_i=B06Y4MVLKD&pd_rd_r=4017b4d3-5bb3-4d79-b9b3-19a3af33b787&pd_rd_w=qqoCr&pd_rd_wg=C299a&pf_rd_p=09627863-9889-4290-b90a-5e9f86682449&pf_rd_r=WB5ZMN8MH9H9NA3JN84R&psc=1&refRID=WB5ZMN8MH9H9NA3JN84R,28.89,sports & Outdoors,
85,APOC Survival Katana,https://www.amazon.com/APOC-SD35510-Survival-Katana/dp/B0748FJV1B/ref=sr_1_48?dchild=1&keywords=apocalypse+survival&qid=1575406299&s=sporting-goods&sr=1-48,135.99,sports & Outdoors,
86,MOSSY OAK Emergency Survival Kit in Waterproof and Airproof Protective Case,https://www.amazon.com/Emergency-Waterproof-Protective-Multitool-Flashlight/dp/B01M3WYBIC/ref=sr_1_8?dchild=1&keywords=apocalypse+survival&qid=1575406386&s=sporting-goods&sr=1-8,49.99,sports & Outdoors,
87,"Mr. Heater F215100 MH4B Little Buddy 3800-BTU Indoor Safe Propane Heater, Medium",https://www.amazon.com/Mr-Heater-F215100-3800-BTU-Propane/dp/B001CFRF7I/ref=pd_bxgy_468_img_2/147-9420165-9422138?_encoding=UTF8&pd_rd_i=B001CFRF7I&pd_rd_r=6a18e13e-d6d6-4535-83b0-75c8f1ccc0c0&pd_rd_w=tIjwb&pd_rd_wg=ZUFTA&pf_rd_p=09627863-9889-4290-b90a-5e9f86682449&pf_rd_r=7MY28EXVJBK1JSAYSCZT&psc=1&refRID=7MY28EXVJBK1JSAYSCZT,58.46,sports & Outdoors,
88,"HiCool Winter Gloves,Touch Screen Running Thermal Driving Warm Outdoor Sports Head Gloves for Men Women",https://www.amazon.com/HiCool-Thermal-Running-Weather-Driving/dp/B07H2WR1M7/ref=sr_1_6?dchild=1&keywords=all+weather+gloves&qid=1575406755&s=sporting-goods&sr=1-6,15.95,Prime Wardrobe,
89,Lixada Mosquito Suit - Whole Body Repellent Bug Jacket Mesh Hooded Suits Men Women Ultra-fine Mesh Insect Protective for Outdoor Fishing Hiking Camping Gardening Farming,https://www.amazon.com/Lixada-Mosquito-Suit-Ultra-fine-Protective/dp/B07QGX3NH7/ref=sr_1_3?keywords=farming&qid=1575406807&s=sporting-goods&sr=1-3,17.99,Prime Wardrobe,
90,Sawyer Products Premium Permethrin Clothing Insect Repellent,https://www.amazon.com/Sawyer-Products-SP657-Permethrin-Repellent/dp/B001ANQVYU/ref=pd_bxgy_121_img_2/147-9420165-9422138?_encoding=UTF8&pd_rd_i=B001ANQVYU&pd_rd_r=cc400be2-3ad1-488d-83ae-73b970360fa3&pd_rd_w=Ah7KR&pd_rd_wg=2yavb&pf_rd_p=09627863-9889-4290-b90a-5e9f86682449&pf_rd_r=8HK2T2PEC33PDDVCTDEJ&psc=1&refRID=8HK2T2PEC33PDDVCTDEJ,14.99,health & personal care,
91,"RADEX RD1503+ w/o dosimeter: High Accuracy Geiger Counter, Radiation Detector (English) (4-Pack)",https://www.amazon.com/RADEX-RD1503-dosimeter-Accuracy-Radiation/dp/B07PY4MDRK/ref=sr_1_4?keywords=rad+detector&qid=1575406870&s=sporting-goods&sr=1-4,"2,636.94",sports & Outdoors,
92,"Geiger Counter Terra-P, Dosimeter Radiometer Radiation Detector MKS-05 IP30",https://www.amazon.com/Counter-Dosimeter-Radiometer-Radiation-Detector/dp/B005US5EFI/ref=pd_sbs_328_2/147-9420165-9422138?_encoding=UTF8&pd_rd_i=B005US5EFI&pd_rd_r=7d902512-14aa-4eea-bfc5-06704e3608d5&pd_rd_w=UGdeb&pd_rd_wg=NSDrK&pf_rd_p=5873ae95-9063-4a23-9b7e-eafa738c2269&pf_rd_r=71FM0V7Z8DY8PSCJDXFQ&psc=1&refRID=71FM0V7Z8DY8PSCJDXFQ,194.99,sports & Outdoors,
93,IOSAT - Pack of 3 by Iosat - Thyroid blocking pills for blocking radiation absorption ,https://www.amazon.com/IOSAT-Iosat-Octobe-Expiration-Later/dp/B01LMPIR06/ref=pd_bxgy_328_img_3/147-9420165-9422138?_encoding=UTF8&pd_rd_i=B01LMPIR06&pd_rd_r=5f43d354-b282-4f95-a90e-c4bc241ffe7d&pd_rd_w=7OXXF&pd_rd_wg=uxL8Q&pf_rd_p=09627863-9889-4290-b90a-5e9f86682449&pf_rd_r=R254VE3DAQK9ZYFAQZA1&psc=1&refRID=R254VE3DAQK9ZYFAQZA1,22.29,health & personal care,
94,RAD Triage 50 Personal Radiation Detector for Wallet or Pocket,https://www.amazon.com/Triage-Personal-Radiation-Detector-Wallet/dp/B00W48WLVC/ref=pd_bxgy_121_img_3/147-9420165-9422138?_encoding=UTF8&pd_rd_i=B00W48WLVC&pd_rd_r=f5b67ff9-8da4-4aa9-9205-7e200e0307b2&pd_rd_w=ornn1&pd_rd_wg=1vfUH&pf_rd_p=09627863-9889-4290-b90a-5e9f86682449&pf_rd_r=BJ98RF7TTT4GFY11HCW3&psc=1&refRID=BJ98RF7TTT4GFY11HCW3,19.00,sports & Outdoors,
95,"U.S. Armed Forces Nuclear, Biological And Chemical Survival Manual",https://www.amazon.com/Forces-Nuclear-Biological-Chemical-Survival/dp/046500797X/ref=pd_cp_328_2/147-9420165-9422138?_encoding=UTF8&pd_rd_i=046500797X&pd_rd_r=223130bf-7e11-4b94-91d3-0bd0112ecbd7&pd_rd_w=RWdgw&pd_rd_wg=FEy55&pf_rd_p=0e5324e1-c848-4872-bbd5-5be6baedf80e&pf_rd_r=T0X9MFWT966VC15WGZD9&psc=1&refRID=T0X9MFWT966VC15WGZD9,9.99,sports & Outdoors,
96,GQ GMC300EPlus Fulfill Digital Nuclear Radiation Detector Monitor Meter,https://www.amazon.com/GQ-GMC300EPlus-Fulfill-Radiation-Detector/dp/B00IN8TJYY/ref=sr_1_18?keywords=radiation&qid=1575407135&sr=8-18,74.99,sports & Outdoors,
97,Koehler Enterprises RA990 Multi-Use Siphon Fuel Transfer Pump Kit (for Gas Oil and Liquids),https://www.amazon.com/Koehler-Enterprises-RA990-Multi-Use-Transfer/dp/B0181EDCZ6/ref=sr_1_4?keywords=gas+siphon&qid=1575407197&sr=8-4,9.69,sports & Outdoors,
98,No-Spill 1450 5-Gallon Poly Gas Can (CARB Compliant),https://www.amazon.com/No-Spill-1450-5-Gallon-Poly-Compliant/dp/B000W9JN4S/ref=pd_bxgy_263_img_3/147-9420165-9422138?_encoding=UTF8&pd_rd_i=B000W9JN4S&pd_rd_r=6a11e7e7-74aa-4f55-897b-204cf44d757f&pd_rd_w=g3xig&pd_rd_wg=hz4Ah&pf_rd_p=09627863-9889-4290-b90a-5e9f86682449&pf_rd_r=0BVR0HW6G3770C0NC8GA&psc=1&refRID=0BVR0HW6G3770C0NC8GA,33.99,sports & Outdoors,
99,"Mission Darkness Non-Window Faraday Bag for Phones - Device Shielding for Law Enforcement, Military, Executive Privacy, Travel & Data Security, Anti-Hacking & Anti-Tracking Assurance",https://www.amazon.com/Mission-Darkness-Non-Window-Faraday-Phones/dp/B01A7MACL2/ref=sr_1_2?keywords=emf+bags&qid=1575407345&sr=8-2,22.99,Prime Wardrobe,
100,"Mission Darkness Non-Window Faraday Bag for Laptops - Device Shielding for Law Enforcement, Military, Executive Privacy, EMP Protection, Travel & Data Security, Anti-Hacking & Anti-Tracking Assurance",https://www.amazon.com/Mission-Darkness-Non-Window-Faraday-Laptops/dp/B01A7NDHZO/ref=pd_bxgy_107_img_3/147-9420165-9422138?_encoding=UTF8&pd_rd_i=B01A7NDHZO&pd_rd_r=318fb644-dd20-4f61-9338-24433329fcb5&pd_rd_w=X86TR&pd_rd_wg=5Wrpu&pf_rd_p=09627863-9889-4290-b90a-5e9f86682449&pf_rd_r=N0Z53TDS2D4YCRP03V48&psc=1&refRID=N0Z53TDS2D4YCRP03V48,95.00,Prime Wardrobe,